aggregation	negative	mixed	positive	-
per review	0.0122219030997	0.571225946137	0.416552150763	0
per sentence	0.0987002103558	0.113643119835	0.787656669809	0
